text,category
"I forgot my password","Account"
"I cannot login to my account","Account"
"My account is locked","Account"
"I need to change my account details","Account"
"How do I reset my password","Account"
"I cannot access my profile","Account"
"Why is my account not working","Account"
"I want to update my email address","Account"
"I forgot my login password","Account"
"I am unable to sign into my account","Account"
"How can I change my password","Account"
"My login credentials are not working","Account"
"I cannot access my user account","Account"
"I need help with my account","Account"
"Please help me recover my account","Account"
"My account login is failing","Account"
"I want to change my registered email","Account"
"How do I update my profile information","Account"
"I cannot remember my password","Account"
"My account has been temporarily locked","Account"
"I need to recover my username","Account"
"How can I update my phone number","Account"
"I want to edit my personal information","Account"
"My profile information is incorrect","Account"
"I cannot sign in","Account"
"How do I change my username","Account"
"I lost access to my account","Account"
"My account details need to be updated","Account"
"I need help changing my email","Account"
"Why can't I log into my profile","Account"
"How do I recover access to my account","Account"
"My password reset is not working","Account"
"I need to change my account password","Account"
"I cannot remember my login details","Account"
"My profile is inaccessible","Account"
"I want to update my contact information","Account"
"Please help me unlock my account","Account"
"I am having trouble signing in","Account"
"How can I recover my account","Account"
"I need to modify my profile details","Account"
"My login isn't working","Account"
"I want to change my registered phone number","Account"
"I cannot get into my account","Account"
"How do I reset my login credentials","Account"
"My account access is blocked","Account"
"I need assistance with my profile","Account"
"I want to update my account information","Account"
"My password is not being accepted","Account"
"I cannot sign into my profile","Account"

"My payment failed","Payment"
"Money was deducted but my order failed","Payment"
"I was charged twice","Payment"
"My card payment is not working","Payment"
"Payment was declined","Payment"
"I was charged for an unsuccessful transaction","Payment"
"My money was deducted from my account","Payment"
"I have a problem with my payment","Payment"
"My card was declined during checkout","Payment"
"The payment did not go through","Payment"
"I tried paying but the transaction failed","Payment"
"Why was my payment declined","Payment"
"I was charged twice for the same order","Payment"
"Money was taken from my bank account","Payment"
"My online payment is failing","Payment"
"The transaction failed but money was deducted","Payment"
"I cannot complete the payment","Payment"
"My payment is not processing","Payment"
"I received a payment error","Payment"
"Checkout payment is not working","Payment"
"My credit card payment failed","Payment"
"My debit card was declined","Payment"
"The payment gateway is not accepting my payment","Payment"
"Why did my transaction fail","Payment"
"I cannot pay for my order","Payment"
"The payment screen shows an error","Payment"
"My card payment keeps failing","Payment"
"I was charged more than once","Payment"
"The transaction was unsuccessful","Payment"
"My payment was rejected","Payment"
"Payment is stuck processing","Payment"
"My bank payment failed","Payment"
"I cannot complete checkout because payment fails","Payment"
"My payment attempt did not work","Payment"
"Why was I charged twice","Payment"
"The card transaction failed","Payment"
"My payment was unsuccessful","Payment"
"Money was deducted during a failed payment","Payment"
"I cannot use my card to pay","Payment"
"The payment option is not working","Payment"
"My transaction was declined","Payment"
"I am unable to make a payment","Payment"
"The payment failed at checkout","Payment"
"My order payment did not complete","Payment"
"I got an error while making a payment","Payment"
"My payment is being declined","Payment"
"Why is my payment failing","Payment"
"The payment process is not working","Payment"
"I cannot pay using my debit card","Payment"
"My transaction could not be completed","Payment"

"My package has not arrived","Delivery"
"Where is my order","Delivery"
"My delivery is late","Delivery"
"My order has not been delivered","Delivery"
"When will my package arrive","Delivery"
"My shipment is delayed","Delivery"
"I have not received my order","Delivery"
"The delivery date has passed","Delivery"
"My package is still in transit","Delivery"
"Why is my order taking so long","Delivery"
"My delivery has been delayed","Delivery"
"I am waiting for my package","Delivery"
"My order has not arrived yet","Delivery"
"When can I expect my delivery","Delivery"
"The courier has not delivered my package","Delivery"
"My shipment has not arrived","Delivery"
"My package is stuck in transit","Delivery"
"The estimated delivery date has passed","Delivery"
"I still haven't received my order","Delivery"
"Can you check the status of my delivery","Delivery"
"My parcel is late","Delivery"
"Where is my shipment","Delivery"
"The courier has not arrived","Delivery"
"My package is delayed","Delivery"
"I am still waiting for my order","Delivery"
"My delivery has not arrived","Delivery"
"When will my parcel be delivered","Delivery"
"The order is taking too long to arrive","Delivery"
"My shipment is still in transit","Delivery"
"Can you track my package","Delivery"
"My courier delivery is late","Delivery"
"The package delivery date has passed","Delivery"
"I haven't received my parcel","Delivery"
"My order is delayed","Delivery"
"Where is my package right now","Delivery"
"The delivery is taking longer than expected","Delivery"
"My parcel has not been delivered","Delivery"
"My shipment is taking too long","Delivery"
"I am waiting for my delivery","Delivery"
"My package hasn't arrived yet","Delivery"
"Can you tell me where my order is","Delivery"
"The courier hasn't delivered my order","Delivery"
"My expected delivery date has passed","Delivery"
"I have been waiting for my package","Delivery"
"My order is still in transit","Delivery"
"The delivery status has not changed","Delivery"
"My shipment hasn't arrived yet","Delivery"
"When should my package arrive","Delivery"
"My parcel delivery is delayed","Delivery"
"Please check my delivery status","Delivery"

"I want to return my product","Refund"
"I need a refund","Refund"
"How can I get my money back","Refund"
"I want to cancel and get a refund","Refund"
"Please process my refund","Refund"
"My refund has not arrived","Refund"
"When will I receive my refund","Refund"
"I was charged but want to return the product","Refund"
"I want to return my order","Refund"
"How do I request a refund","Refund"
"I need my payment refunded","Refund"
"Please give me a refund for my order","Refund"
"I returned my product but have not received my money","Refund"
"Where is my refund","Refund"
"My refund is still pending","Refund"
"How long does a refund take","Refund"
"I cancelled my order and need a refund","Refund"
"I want my money back for this purchase","Refund"
"The refund has not been credited","Refund"
"Can you process my return and refund","Refund"
"I need to return this item","Refund"
"Please return my payment","Refund"
"I want my money returned","Refund"
"My returned order has not been refunded","Refund"
"When will my refund be credited","Refund"
"I have not received my returned money","Refund"
"Can I get a refund for my order","Refund"
"I want to cancel my purchase and get my money back","Refund"
"My refund is delayed","Refund"
"The money from my return has not arrived","Refund"
"I need help with a return","Refund"
"How do I return an item and get a refund","Refund"
"Please refund my cancelled order","Refund"
"My refund hasn't reached my account","Refund"
"I am waiting for my refund","Refund"
"Why is my refund taking so long","Refund"
"I returned the product and need my money","Refund"
"Can you issue a refund","Refund"
"I want a refund for this purchase","Refund"
"My refund payment is missing","Refund"
"I cancelled my order and haven't received the refund","Refund"
"Please send my refund","Refund"
"I need my purchase refunded","Refund"
"The refund process is taking too long","Refund"
"Where is the money for my returned product","Refund"
"I have not received my refund yet","Refund"
"Can I return my product for a refund","Refund"
"My return was accepted but refund is missing","Refund"
"I need my money back from a cancelled order","Refund"
"Please help me get my refund","Refund"

"The application keeps crashing","Technical"
"The website is not working","Technical"
"I found a bug in the application","Technical"
"The app stopped working","Technical"
"I cannot open the website","Technical"
"The page keeps showing an error","Technical"
"The application is very slow","Technical"
"I am getting an error when using the app","Technical"
"The website keeps crashing","Technical"
"The app is not responding","Technical"
"I cannot load the application","Technical"
"The website shows an error","Technical"
"The app freezes when I open it","Technical"
"My application is running very slowly","Technical"
"I cannot access the webpage","Technical"
"The website stopped working","Technical"
"There is a technical problem with the app","Technical"
"The application is not responding","Technical"
"I keep getting an error message","Technical"
"The page is not loading correctly","Technical"
"The app crashes when I try to open it","Technical"
"My website is down","Technical"
"The application has stopped responding","Technical"
"The page is broken","Technical"
"I cannot load the website","Technical"
"The app keeps freezing","Technical"
"There is an error on the website","Technical"
"My application keeps crashing","Technical"
"The website is extremely slow","Technical"
"I found a problem with the application","Technical"
"The app will not open","Technical"
"The webpage is not loading","Technical"
"My application is frozen","Technical"
"The website keeps showing errors","Technical"
"The app is having technical issues","Technical"
"I cannot use the application","Technical"
"The website keeps freezing","Technical"
"My app is not working properly","Technical"
"The application takes too long to load","Technical"
"I cannot open the app","Technical"
"There is a bug on the website","Technical"
"The application stopped responding","Technical"
"My webpage is not working","Technical"
"The app crashes every time","Technical"
"I cannot access the application","Technical"
"The website is running very slowly","Technical"
"I am facing an error in the app","Technical"
"The application is broken","Technical"
"The page keeps crashing","Technical"
"Something is wrong with the website","Technical"

"Someone accessed my account","Security"
"I think my account was hacked","Security"
"There is suspicious activity on my account","Security"
"I received a login alert that was not me","Security"
"Someone is trying to access my account","Security"
"My account security has been compromised","Security"
"I noticed an unknown login","Security"
"I think someone stole my account information","Security"
"Someone logged into my account","Security"
"I received a suspicious login notification","Security"
"I don't recognize a login to my account","Security"
"My account may have been hacked","Security"
"There is unauthorized activity on my account","Security"
"Someone accessed my account without permission","Security"
"I noticed suspicious activity","Security"
"I received an unknown login alert","Security"
"I think someone has my account credentials","Security"
"My account was accessed by someone else","Security"
"There was an unauthorized login","Security"
"I am worried someone is trying to hack my account","Security"
"Someone is using my account","Security"
"I see a login from an unknown device","Security"
"I received a security alert I don't recognize","Security"
"My account has suspicious logins","Security"
"I think my account information was stolen","Security"
"Someone logged into my profile without permission","Security"
"There is an unknown device on my account","Security"
"I suspect unauthorized access to my account","Security"
"My account might be compromised","Security"
"I noticed a strange login","Security"
"Someone may have stolen my credentials","Security"
"I see suspicious activity on my profile","Security"
"I did not make this login","Security"
"I received a login notification for an unknown device","Security"
"My account was accessed without my permission","Security"
"I think somebody hacked my profile","Security"
"There are unauthorized activities on my account","Security"
"I don't recognize this account activity","Security"
"Someone is trying to get into my account","Security"
"My login information may have been exposed","Security"
"I noticed an unfamiliar login","Security"
"My account security seems compromised","Security"
"I think someone has accessed my profile","Security"
"There is an unauthorized login attempt","Security"
"My account has been accessed by an unknown person","Security"
"I received a suspicious security notification","Security"
"I think my credentials have been stolen","Security"
"There is unusual activity on my account","Security"
"Someone got access to my account","Security"
"I am seeing an unknown login on my profile","Security"